path_file_nc,10,Precip,longitude,latitude,,
0,.\input\Precip.CMORPH_v1_BLD_EOD.2001.nc,,,,,
1,.\input\Precip.CMORPH_v1_BLD_EOD.2002.nc,,,,,
2,.\input\Precip.CMORPH_v1_BLD_EOD.2003.nc,,,,,
3,.\input\Precip.CMORPH_v1_BLD_EOD.2004.nc,,,,,
4,.\input\Precip.CMORPH_v1_BLD_EOD.2005.nc,,,,,
5,.\input\Precip.CMORPH_v1_BLD_EOD.2006.nc,,,,,
6,.\input\Precip.CMORPH_v1_BLD_EOD.2007.nc,,,,,
7,.\input\Precip.CMORPH_v1_BLD_EOD.2008.nc,,,,,
8,.\input\Precip.CMORPH_v1_BLD_EOD.2009.nc,,,,,
9,.\input\Precip.CMORPH_v1_BLD_EOD.2010.nc,,,,,
year_start,2001,,,,,
year_end,2010,,,,,
nodata_value,-9999,,,,,
output_dir,.\output,,,,,
draw2,1,2001,118.8,32.1,nanjing_gini_2001.jpg,
draw2,1,2002,118.8,32.1,nanjing_gini_2002.jpg,
draw2,1,2003,118.8,32.1,nanjing_gini_2003.jpg,
draw2,1,2004,118.8,32.1,nanjing_gini_2004.jpg,
draw2,1,2005,118.8,32.1,nanjing_gini_2005.jpg,
draw2,1,2006,118.8,32.1,nanjing_gini_2006.jpg,
draw2,1,2007,118.8,32.1,nanjing_gini_2007.jpg,
draw2,1,2008,118.8,32.1,nanjing_gini_2008.jpg,
draw2,1,2009,118.8,32.1,nanjing_gini_2009.jpg,
draw2,1,2010,118.8,32.1,nanjing_gini_2010.jpg,
draw2,1,2001,84.1,32.1,TP_gini_2001.jpg,
draw2,1,2002,84.1,32.1,TP_gini_2002.jpg,
draw2,1,2003,84.1,32.1,TP_gini_2003.jpg,
draw2,1,2004,84.1,32.1,TP_gini_2004.jpg,
draw2,1,2005,84.1,32.1,TP_gini_2005.jpg,
draw2,1,2006,84.1,32.1,TP_gini_2006.jpg,
draw2,1,2007,84.1,32.1,TP_gini_2007.jpg,
draw2,1,2008,84.1,32.1,TP_gini_2008.jpg,
draw2,1,2009,84.1,32.1,TP_gini_2009.jpg,
draw2,1,2010,84.1,32.1,TP_gini_2010.jpg,
draw2,1,2001,116.1,39.5,Beijing_gini_2001.jpg,
draw2,1,2002,116.1,39.5,Beijing_gini_2002.jpg,
draw2,1,2003,116.1,39.5,Beijing_gini_2003.jpg,
draw2,1,2004,116.1,39.5,Beijing_gini_2004.jpg,
draw2,1,2005,116.1,39.5,Beijing_gini_2005.jpg,
draw2,1,2006,116.1,39.5,Beijing_gini_2006.jpg,
draw2,1,2007,116.1,39.5,Beijing_gini_2007.jpg,
draw2,1,2008,116.1,39.5,Beijing_gini_2008.jpg,
draw2,1,2009,116.1,39.5,Beijing_gini_2009.jpg,
draw2,1,2010,116.1,39.5,Beijing_gini_2010.jpg,
draw2,1,2001,21.1,0.3,Africa_Rain_Forest_gini_2001.jpg,
draw2,1,2002,21.1,0.3,Africa_Rain_Forest_gini_2002.jpg,
draw2,1,2003,21.1,0.3,Africa_Rain_Forest_gini_2003.jpg,
draw2,1,2004,21.1,0.3,Africa_Rain_Forest_gini_2004.jpg,
draw2,1,2005,21.1,0.3,Africa_Rain_Forest_gini_2005.jpg,
draw2,1,2006,21.1,0.3,Africa_Rain_Forest_gini_2006.jpg,
draw2,1,2007,21.1,0.3,Africa_Rain_Forest_gini_2007.jpg,
draw2,1,2008,21.1,0.3,Africa_Rain_Forest_gini_2008.jpg,
draw2,1,2009,21.1,0.3,Africa_Rain_Forest_gini_2009.jpg,
draw2,1,2010,21.1,0.3,Africa_Rain_Forest_gini_2010.jpg,
draw2,1,2001,16.1,23.4,Africa_Desert_gini_2001.jpg,
draw2,1,2002,16.1,23.4,Africa_Desert_gini_2002.jpg,
draw2,1,2003,16.1,23.4,Africa_Desert_gini_2003.jpg,
draw2,1,2004,16.1,23.4,Africa_Desert_gini_2004.jpg,
draw2,1,2005,16.1,23.4,Africa_Desert_gini_2005.jpg,
draw2,1,2006,16.1,23.4,Africa_Desert_gini_2006.jpg,
draw2,1,2007,16.1,23.4,Africa_Desert_gini_2007.jpg,
draw2,1,2008,16.1,23.4,Africa_Desert_gini_2008.jpg,
draw2,1,2009,16.1,23.4,Africa_Desert_gini_2009.jpg,
draw2,1,2010,16.1,23.4,Africa_Desert_gini_2010.jpg,
draw2,1,2001,23.1,-23.4,Africa_Open_Shrublands_gini_2001.jpg,
draw2,1,2002,23.1,-23.4,Africa_Open_Shrublands_gini_2002.jpg,
draw2,1,2003,23.1,-23.4,Africa_Open_Shrublands_gini_2003.jpg,
draw2,1,2004,23.1,-23.4,Africa_Open_Shrublands_gini_2004.jpg,
draw2,1,2005,23.1,-23.4,Africa_Open_Shrublands_gini_2005.jpg,
draw2,1,2006,23.1,-23.4,Africa_Open_Shrublands_gini_2006.jpg,
draw2,1,2007,23.1,-23.4,Africa_Open_Shrublands_gini_2007.jpg,
draw2,1,2008,23.1,-23.4,Africa_Open_Shrublands_gini_2008.jpg,
draw2,1,2009,23.1,-23.4,Africa_Open_Shrublands_gini_2009.jpg,
draw2,1,2010,23.1,-23.4,Africa_Open_Shrublands_gini_2010.jpg,
draw2,1,2001,13.3,41.6,Italy_gini_2001.jpg,
draw2,1,2002,13.3,41.6,Italy_gini_2002.jpg,
draw2,1,2003,13.3,41.6,Italy_gini_2003.jpg,
draw2,1,2004,13.3,41.6,Italy_gini_2004.jpg,
draw2,1,2005,13.3,41.6,Italy_gini_2005.jpg,
draw2,1,2006,13.3,41.6,Italy_gini_2006.jpg,
draw2,1,2007,13.3,41.6,Italy_gini_2007.jpg,
draw2,1,2008,13.3,41.6,Italy_gini_2008.jpg,
draw2,1,2009,13.3,41.6,Italy_gini_2009.jpg,
draw2,1,2010,13.3,41.6,Italy_gini_2010.jpg,
draw2,1,2001,9.5,29.5,A_gini_2001.jpg,
draw2,1,2002,9.5,29.5,A_gini_2002.jpg,
draw2,1,2003,9.5,29.5,A_gini_2003.jpg,
draw2,1,2004,9.5,29.5,A_gini_2004.jpg,
draw2,1,2005,9.5,29.5,A_gini_2005.jpg,
draw2,1,2006,9.5,29.5,A_gini_2006.jpg,
draw2,1,2007,9.5,29.5,A_gini_2007.jpg,
draw2,1,2008,9.5,29.5,A_gini_2008.jpg,
draw2,1,2009,9.5,29.5,A_gini_2009.jpg,
draw2,1,2010,9.5,29.5,A_gini_2010.jpg,
draw2,1,2001,3.5,17.5,B_gini_2001.jpg,
draw2,1,2002,3.5,17.5,B_gini_2002.jpg,
draw2,1,2003,3.5,17.5,B_gini_2003.jpg,
draw2,1,2004,3.5,17.5,B_gini_2004.jpg,
draw2,1,2005,3.5,17.5,B_gini_2005.jpg,
draw2,1,2006,3.5,17.5,B_gini_2006.jpg,
draw2,1,2007,3.5,17.5,B_gini_2007.jpg,
draw2,1,2008,3.5,17.5,B_gini_2008.jpg,
draw2,1,2009,3.5,17.5,B_gini_2009.jpg,
draw2,1,2010,3.5,17.5,B_gini_2010.jpg,
draw2,1,2001,43.5,5.8,J_gini_2001.jpg,
draw2,1,2002,43.5,5.8,J_gini_2002.jpg,
draw2,1,2003,43.5,5.8,J_gini_2003.jpg,
draw2,1,2004,43.5,5.8,J_gini_2004.jpg,
draw2,1,2005,43.5,5.8,J_gini_2005.jpg,
draw2,1,2006,43.5,5.8,J_gini_2006.jpg,
draw2,1,2007,43.5,5.8,J_gini_2007.jpg,
draw2,1,2008,43.5,5.8,J_gini_2008.jpg,
draw2,1,2009,43.5,5.8,J_gini_2009.jpg,
draw2,1,2010,43.5,5.8,J_gini_2010.jpg,
draw2,1,2001,3.5,6.5,D_gini_2001.jpg,
draw2,1,2002,3.5,6.5,D_gini_2002.jpg,
draw2,1,2003,3.5,6.5,D_gini_2003.jpg,
draw2,1,2004,3.5,6.5,D_gini_2004.jpg,
draw2,1,2005,3.5,6.5,D_gini_2005.jpg,
draw2,1,2006,3.5,6.5,D_gini_2006.jpg,
draw2,1,2007,3.5,6.5,D_gini_2007.jpg,
draw2,1,2008,3.5,6.5,D_gini_2008.jpg,
draw2,1,2009,3.5,6.5,D_gini_2009.jpg,
draw2,1,2010,3.5,6.5,D_gini_2010.jpg,
draw2,1,2001,20.5,-32.5,G_gini_2001.jpg,
draw2,1,2002,20.5,-32.5,G_gini_2002.jpg,
draw2,1,2003,20.5,-32.5,G_gini_2003.jpg,
draw2,1,2004,20.5,-32.5,G_gini_2004.jpg,
draw2,1,2005,20.5,-32.5,G_gini_2005.jpg,
draw2,1,2006,20.5,-32.5,G_gini_2006.jpg,
draw2,1,2007,20.5,-32.5,G_gini_2007.jpg,
draw2,1,2008,20.5,-32.5,G_gini_2008.jpg,
draw2,1,2009,20.5,-32.5,G_gini_2009.jpg,
draw2,1,2010,20.5,-32.5,G_gini_2010.jpg,
draw2,1,2001,15.6,0,D2_gini_2001.jpg,
draw2,1,2002,15.6,0,D2_gini_2002.jpg,
draw2,1,2003,15.6,0,D2_gini_2003.jpg,
draw2,1,2004,15.6,0,D2_gini_2004.jpg,
draw2,1,2005,15.6,0,D2_gini_2005.jpg,
draw2,1,2006,15.6,0,D2_gini_2006.jpg,
draw2,1,2007,15.6,0,D2_gini_2007.jpg,
draw2,1,2008,15.6,0,D2_gini_2008.jpg,
draw2,1,2009,15.6,0,D2_gini_2009.jpg,
draw2,1,2010,15.6,0,D2_gini_2010.jpg,
draw2,1,2001,97.7,50.7,Russia_gini_2001.jpg,
draw2,1,2002,97.7,50.7,Russia_gini_2002.jpg,
draw2,1,2003,97.7,50.7,Russia_gini_2003.jpg,
draw2,1,2004,97.7,50.7,Russia_gini_2004.jpg,
draw2,1,2005,97.7,50.7,Russia_gini_2005.jpg,
draw2,1,2006,97.7,50.7,Russia_gini_2006.jpg,
draw2,1,2007,97.7,50.7,Russia_gini_2007.jpg,
draw2,1,2008,97.7,50.7,Russia_gini_2008.jpg,
draw2,1,2009,97.7,50.7,Russia_gini_2009.jpg,
draw2,1,2010,97.7,50.7,Russia_gini_2010.jpg,
draw2,1,2001,-0.75,14.75,West_Africa_gini_2001.jpg,
draw2,1,2002,-0.75,14.75,West_Africa_gini_2002.jpg,
draw2,1,2003,-0.75,14.75,West_Africa_gini_2003.jpg,
draw2,1,2004,-0.75,14.75,West_Africa_gini_2004.jpg,
draw2,1,2005,-0.75,14.75,West_Africa_gini_2005.jpg,
draw2,1,2006,-0.75,14.75,West_Africa_gini_2006.jpg,
draw2,1,2007,-0.75,14.75,West_Africa_gini_2007.jpg,
draw2,1,2008,-0.75,14.75,West_Africa_gini_2008.jpg,
draw2,1,2009,-0.75,14.75,West_Africa_gini_2009.jpg,
draw2,1,2010,-0.75,14.75,West_Africa_gini_2010.jpg,
draw2,1,2001,18.25,-20.17,South_Africa_gini_2001.jpg,
draw2,1,2002,18.25,-20.17,South_Africa_gini_2002.jpg,
draw2,1,2003,18.25,-20.17,South_Africa_gini_2003.jpg,
draw2,1,2004,18.25,-20.17,South_Africa_gini_2004.jpg,
draw2,1,2005,18.25,-20.17,South_Africa_gini_2005.jpg,
draw2,1,2006,18.25,-20.17,South_Africa_gini_2006.jpg,
draw2,1,2007,18.25,-20.17,South_Africa_gini_2007.jpg,
draw2,1,2008,18.25,-20.17,South_Africa_gini_2008.jpg,
draw2,1,2009,18.25,-20.17,South_Africa_gini_2009.jpg,
draw2,1,2010,18.25,-20.17,South_Africa_gini_2010.jpg,
draw2,1,2001,24.19,-19.8,South1_Africa_gini_2001.jpg,
draw2,1,2002,24.19,-19.8,South1_Africa_gini_2002.jpg,
draw2,1,2003,24.19,-19.8,South1_Africa_gini_2003.jpg,
draw2,1,2004,24.19,-19.8,South1_Africa_gini_2004.jpg,
draw2,1,2005,24.19,-19.8,South1_Africa_gini_2005.jpg,
draw2,1,2006,24.19,-19.8,South1_Africa_gini_2006.jpg,
draw2,1,2007,24.19,-19.8,South1_Africa_gini_2007.jpg,
draw2,1,2008,24.19,-19.8,South1_Africa_gini_2008.jpg,
draw2,1,2009,24.19,-19.8,South1_Africa_gini_2009.jpg,
draw2,1,2010,24.19,-19.8,South1_Africa_gini_2010.jpg,
draw2,1,2001,-10.63,15.13,West1_Africa_gini_2001.jpg,
draw2,1,2002,-10.63,15.13,West1_Africa_gini_2002.jpg,
draw2,1,2003,-10.63,15.13,West1_Africa_gini_2003.jpg,
draw2,1,2004,-10.63,15.13,West1_Africa_gini_2004.jpg,
draw2,1,2005,-10.63,15.13,West1_Africa_gini_2005.jpg,
draw2,1,2006,-10.63,15.13,West1_Africa_gini_2006.jpg,
draw2,1,2007,-10.63,15.13,West1_Africa_gini_2007.jpg,
draw2,1,2008,-10.63,15.13,West1_Africa_gini_2008.jpg,
draw2,1,2009,-10.63,15.13,West1_Africa_gini_2009.jpg,
draw2,1,2010,-10.63,15.13,West1_Africa_gini_2010.jpg,
draw2,1,2001,38.625,6.875,Mediterranean_Africa_gini_2001.jpg,
draw2,1,2002,38.625,6.875,Mediterranean_Africa_gini_2002.jpg,
draw2,1,2003,38.625,6.875,Mediterranean_Africa_gini_2003.jpg,
draw2,1,2004,38.625,6.875,Mediterranean_Africa_gini_2004.jpg,
draw2,1,2005,38.625,6.875,Mediterranean_Africa_gini_2005.jpg,
draw2,1,2006,38.625,6.875,Mediterranean_Africa_gini_2006.jpg,
draw2,1,2007,38.625,6.875,Mediterranean_Africa_gini_2007.jpg,
draw2,1,2008,38.625,6.875,Mediterranean_Africa_gini_2008.jpg,
draw2,1,2009,38.625,6.875,Mediterranean_Africa_gini_2009.jpg,
draw2,1,2010,38.625,6.875,Mediterranean_Africa_gini_2010.jpg,
draw3,2001,118.8,32.1,nanjing_curve_daily_2001.jpg,,
draw3,2002,118.8,32.1,nanjing_curve_daily_2002.jpg,,
draw3,2003,118.8,32.1,nanjing_curve_daily_2003.jpg,,
draw3,2004,118.8,32.1,nanjing_curve_daily_2004.jpg,,
draw3,2005,118.8,32.1,nanjing_curve_daily_2005.jpg,,
draw3,2006,118.8,32.1,nanjing_curve_daily_2006.jpg,,
draw3,2007,118.8,32.1,nanjing_curve_daily_2007.jpg,,
draw3,2008,118.8,32.1,nanjing_curve_daily_2008.jpg,,
draw3,2009,118.8,32.1,nanjing_curve_daily_2009.jpg,,
draw3,2010,118.8,32.1,nanjing_curve_daily_2010.jpg,,
draw3,2001,84.1,32.1,TP_curve_daily_2001.jpg,,
draw3,2002,84.1,32.1,TP_curve_daily_2002.jpg,,
draw3,2003,84.1,32.1,TP_curve_daily_2003.jpg,,
draw3,2004,84.1,32.1,TP_curve_daily_2004.jpg,,
draw3,2005,84.1,32.1,TP_curve_daily_2005.jpg,,
draw3,2006,84.1,32.1,TP_curve_daily_2006.jpg,,
draw3,2007,84.1,32.1,TP_curve_daily_2007.jpg,,
draw3,2008,84.1,32.1,TP_curve_daily_2008.jpg,,
draw3,2009,84.1,32.1,TP_curve_daily_2009.jpg,,
draw3,2010,84.1,32.1,TP_curve_daily_2010.jpg,,
draw3,2001,116.1,39.5,Beijing_curve_daily_2001.jpg,,
draw3,2002,116.1,39.5,Beijing_curve_daily_2002.jpg,,
draw3,2003,116.1,39.5,Beijing_curve_daily_2003.jpg,,
draw3,2004,116.1,39.5,Beijing_curve_daily_2004.jpg,,
draw3,2005,116.1,39.5,Beijing_curve_daily_2005.jpg,,
draw3,2006,116.1,39.5,Beijing_curve_daily_2006.jpg,,
draw3,2007,116.1,39.5,Beijing_curve_daily_2007.jpg,,
draw3,2008,116.1,39.5,Beijing_curve_daily_2008.jpg,,
draw3,2009,116.1,39.5,Beijing_curve_daily_2009.jpg,,
draw3,2010,116.1,39.5,Beijing_curve_daily_2010.jpg,,
draw3,2001,21.1,0.3,Africa_Rain_Forest_curve_daily_2001.jpg,,
draw3,2002,21.1,0.3,Africa_Rain_Forest_curve_daily_2002.jpg,,
draw3,2003,21.1,0.3,Africa_Rain_Forest_curve_daily_2003.jpg,,
draw3,2004,21.1,0.3,Africa_Rain_Forest_curve_daily_2004.jpg,,
draw3,2005,21.1,0.3,Africa_Rain_Forest_curve_daily_2005.jpg,,
draw3,2006,21.1,0.3,Africa_Rain_Forest_curve_daily_2006.jpg,,
draw3,2007,21.1,0.3,Africa_Rain_Forest_curve_daily_2007.jpg,,
draw3,2008,21.1,0.3,Africa_Rain_Forest_curve_daily_2008.jpg,,
draw3,2009,21.1,0.3,Africa_Rain_Forest_curve_daily_2009.jpg,,
draw3,2010,21.1,0.3,Africa_Rain_Forest_curve_daily_2010.jpg,,
draw3,2001,16.1,23.4,Africa_Desert_curve_daily_2001.jpg,,
draw3,2002,16.1,23.4,Africa_Desert_curve_daily_2002.jpg,,
draw3,2003,16.1,23.4,Africa_Desert_curve_daily_2003.jpg,,
draw3,2004,16.1,23.4,Africa_Desert_curve_daily_2004.jpg,,
draw3,2005,16.1,23.4,Africa_Desert_curve_daily_2005.jpg,,
draw3,2006,16.1,23.4,Africa_Desert_curve_daily_2006.jpg,,
draw3,2007,16.1,23.4,Africa_Desert_curve_daily_2007.jpg,,
draw3,2008,16.1,23.4,Africa_Desert_curve_daily_2008.jpg,,
draw3,2009,16.1,23.4,Africa_Desert_curve_daily_2009.jpg,,
draw3,2010,16.1,23.4,Africa_Desert_curve_daily_2010.jpg,,
draw3,2001,23.1,-23.4,Africa_Open_Shrublands_curve_daily_2001.jpg,,
draw3,2002,23.1,-23.4,Africa_Open_Shrublands_curve_daily_2002.jpg,,
draw3,2003,23.1,-23.4,Africa_Open_Shrublands_curve_daily_2003.jpg,,
draw3,2004,23.1,-23.4,Africa_Open_Shrublands_curve_daily_2004.jpg,,
draw3,2005,23.1,-23.4,Africa_Open_Shrublands_curve_daily_2005.jpg,,
draw3,2006,23.1,-23.4,Africa_Open_Shrublands_curve_daily_2006.jpg,,
draw3,2007,23.1,-23.4,Africa_Open_Shrublands_curve_daily_2007.jpg,,
draw3,2008,23.1,-23.4,Africa_Open_Shrublands_curve_daily_2008.jpg,,
draw3,2009,23.1,-23.4,Africa_Open_Shrublands_curve_daily_2009.jpg,,
draw3,2010,23.1,-23.4,Africa_Open_Shrublands_curve_daily_2010.jpg,,
draw3,2001,13.3,41.6,Italy_curve_daily_2001.jpg,,
draw3,2002,13.3,41.6,Italy_curve_daily_2002.jpg,,
draw3,2003,13.3,41.6,Italy_curve_daily_2003.jpg,,
draw3,2004,13.3,41.6,Italy_curve_daily_2004.jpg,,
draw3,2005,13.3,41.6,Italy_curve_daily_2005.jpg,,
draw3,2006,13.3,41.6,Italy_curve_daily_2006.jpg,,
draw3,2007,13.3,41.6,Italy_curve_daily_2007.jpg,,
draw3,2008,13.3,41.6,Italy_curve_daily_2008.jpg,,
draw3,2009,13.3,41.6,Italy_curve_daily_2009.jpg,,
draw3,2010,13.3,41.6,Italy_curve_daily_2010.jpg,,
draw3,2001,9.5,29.5,A_curve_daily_2001.jpg,,
draw3,2002,9.5,29.5,A_curve_daily_2002.jpg,,
draw3,2003,9.5,29.5,A_curve_daily_2003.jpg,,
draw3,2004,9.5,29.5,A_curve_daily_2004.jpg,,
draw3,2005,9.5,29.5,A_curve_daily_2005.jpg,,
draw3,2006,9.5,29.5,A_curve_daily_2006.jpg,,
draw3,2007,9.5,29.5,A_curve_daily_2007.jpg,,
draw3,2008,9.5,29.5,A_curve_daily_2008.jpg,,
draw3,2009,9.5,29.5,A_curve_daily_2009.jpg,,
draw3,2010,9.5,29.5,A_curve_daily_2010.jpg,,
draw3,2001,3.5,17.5,B_curve_daily_2001.jpg,,
draw3,2002,3.5,17.5,B_curve_daily_2002.jpg,,
draw3,2003,3.5,17.5,B_curve_daily_2003.jpg,,
draw3,2004,3.5,17.5,B_curve_daily_2004.jpg,,
draw3,2005,3.5,17.5,B_curve_daily_2005.jpg,,
draw3,2006,3.5,17.5,B_curve_daily_2006.jpg,,
draw3,2007,3.5,17.5,B_curve_daily_2007.jpg,,
draw3,2008,3.5,17.5,B_curve_daily_2008.jpg,,
draw3,2009,3.5,17.5,B_curve_daily_2009.jpg,,
draw3,2010,3.5,17.5,B_curve_daily_2010.jpg,,
draw3,2001,43.5,5.8,J_curve_daily_2001.jpg,,
draw3,2002,43.5,5.8,J_curve_daily_2002.jpg,,
draw3,2003,43.5,5.8,J_curve_daily_2003.jpg,,
draw3,2004,43.5,5.8,J_curve_daily_2004.jpg,,
draw3,2005,43.5,5.8,J_curve_daily_2005.jpg,,
draw3,2006,43.5,5.8,J_curve_daily_2006.jpg,,
draw3,2007,43.5,5.8,J_curve_daily_2007.jpg,,
draw3,2008,43.5,5.8,J_curve_daily_2008.jpg,,
draw3,2009,43.5,5.8,J_curve_daily_2009.jpg,,
draw3,2010,43.5,5.8,J_curve_daily_2010.jpg,,
draw3,2001,3.5,6.5,D_curve_daily_2001.jpg,,
draw3,2002,3.5,6.5,D_curve_daily_2002.jpg,,
draw3,2003,3.5,6.5,D_curve_daily_2003.jpg,,
draw3,2004,3.5,6.5,D_curve_daily_2004.jpg,,
draw3,2005,3.5,6.5,D_curve_daily_2005.jpg,,
draw3,2006,3.5,6.5,D_curve_daily_2006.jpg,,
draw3,2007,3.5,6.5,D_curve_daily_2007.jpg,,
draw3,2008,3.5,6.5,D_curve_daily_2008.jpg,,
draw3,2009,3.5,6.5,D_curve_daily_2009.jpg,,
draw3,2010,3.5,6.5,D_curve_daily_2010.jpg,,
draw3,2001,20.5,-32.5,G_curve_daily_2001.jpg,,
draw3,2002,20.5,-32.5,G_curve_daily_2002.jpg,,
draw3,2003,20.5,-32.5,G_curve_daily_2003.jpg,,
draw3,2004,20.5,-32.5,G_curve_daily_2004.jpg,,
draw3,2005,20.5,-32.5,G_curve_daily_2005.jpg,,
draw3,2006,20.5,-32.5,G_curve_daily_2006.jpg,,
draw3,2007,20.5,-32.5,G_curve_daily_2007.jpg,,
draw3,2008,20.5,-32.5,G_curve_daily_2008.jpg,,
draw3,2009,20.5,-32.5,G_curve_daily_2009.jpg,,
draw3,2010,20.5,-32.5,G_curve_daily_2010.jpg,,
draw3,2001,15.6,0,D2_curve_daily_2001.jpg,,
draw3,2002,15.6,0,D2_curve_daily_2002.jpg,,
draw3,2003,15.6,0,D2_curve_daily_2003.jpg,,
draw3,2004,15.6,0,D2_curve_daily_2004.jpg,,
draw3,2005,15.6,0,D2_curve_daily_2005.jpg,,
draw3,2006,15.6,0,D2_curve_daily_2006.jpg,,
draw3,2007,15.6,0,D2_curve_daily_2007.jpg,,
draw3,2008,15.6,0,D2_curve_daily_2008.jpg,,
draw3,2009,15.6,0,D2_curve_daily_2009.jpg,,
draw3,2010,15.6,0,D2_curve_daily_2010.jpg,,
draw3,2001,97.7,50.7,Russia_curve_daily_2001.jpg,,
draw3,2002,97.7,50.7,Russia_curve_daily_2002.jpg,,
draw3,2003,97.7,50.7,Russia_curve_daily_2003.jpg,,
draw3,2004,97.7,50.7,Russia_curve_daily_2004.jpg,,
draw3,2005,97.7,50.7,Russia_curve_daily_2005.jpg,,
draw3,2006,97.7,50.7,Russia_curve_daily_2006.jpg,,
draw3,2007,97.7,50.7,Russia_curve_daily_2007.jpg,,
draw3,2008,97.7,50.7,Russia_curve_daily_2008.jpg,,
draw3,2009,97.7,50.7,Russia_curve_daily_2009.jpg,,
draw3,2010,97.7,50.7,Russia_curve_daily_2010.jpg,,
draw3,2001,-0.75,14.75,West_Africa_curve_daily_2001.jpg,,
draw3,2002,-0.75,14.75,West_Africa_curve_daily_2002.jpg,,
draw3,2003,-0.75,14.75,West_Africa_curve_daily_2003.jpg,,
draw3,2004,-0.75,14.75,West_Africa_curve_daily_2004.jpg,,
draw3,2005,-0.75,14.75,West_Africa_curve_daily_2005.jpg,,
draw3,2006,-0.75,14.75,West_Africa_curve_daily_2006.jpg,,
draw3,2007,-0.75,14.75,West_Africa_curve_daily_2007.jpg,,
draw3,2008,-0.75,14.75,West_Africa_curve_daily_2008.jpg,,
draw3,2009,-0.75,14.75,West_Africa_curve_daily_2009.jpg,,
draw3,2010,-0.75,14.75,West_Africa_curve_daily_2010.jpg,,
draw3,2001,18.25,-20.17,South_Africa_curve_daily_2001.jpg,,
draw3,2002,18.25,-20.17,South_Africa_curve_daily_2002.jpg,,
draw3,2003,18.25,-20.17,South_Africa_curve_daily_2003.jpg,,
draw3,2004,18.25,-20.17,South_Africa_curve_daily_2004.jpg,,
draw3,2005,18.25,-20.17,South_Africa_curve_daily_2005.jpg,,
draw3,2006,18.25,-20.17,South_Africa_curve_daily_2006.jpg,,
draw3,2007,18.25,-20.17,South_Africa_curve_daily_2007.jpg,,
draw3,2008,18.25,-20.17,South_Africa_curve_daily_2008.jpg,,
draw3,2009,18.25,-20.17,South_Africa_curve_daily_2009.jpg,,
draw3,2010,18.25,-20.17,South_Africa_curve_daily_2010.jpg,,
draw3,2001,24.19,-19.8,South1_Africa_curve_daily_2001.jpg,,
draw3,2002,24.19,-19.8,South1_Africa_curve_daily_2002.jpg,,
draw3,2003,24.19,-19.8,South1_Africa_curve_daily_2003.jpg,,
draw3,2004,24.19,-19.8,South1_Africa_curve_daily_2004.jpg,,
draw3,2005,24.19,-19.8,South1_Africa_curve_daily_2005.jpg,,
draw3,2006,24.19,-19.8,South1_Africa_curve_daily_2006.jpg,,
draw3,2007,24.19,-19.8,South1_Africa_curve_daily_2007.jpg,,
draw3,2008,24.19,-19.8,South1_Africa_curve_daily_2008.jpg,,
draw3,2009,24.19,-19.8,South1_Africa_curve_daily_2009.jpg,,
draw3,2010,24.19,-19.8,South1_Africa_curve_daily_2010.jpg,,
draw3,2001,-10.63,15.13,West1_Africa_curve_daily_2001.jpg,,
draw3,2002,-10.63,15.13,West1_Africa_curve_daily_2002.jpg,,
draw3,2003,-10.63,15.13,West1_Africa_curve_daily_2003.jpg,,
draw3,2004,-10.63,15.13,West1_Africa_curve_daily_2004.jpg,,
draw3,2005,-10.63,15.13,West1_Africa_curve_daily_2005.jpg,,
draw3,2006,-10.63,15.13,West1_Africa_curve_daily_2006.jpg,,
draw3,2007,-10.63,15.13,West1_Africa_curve_daily_2007.jpg,,
draw3,2008,-10.63,15.13,West1_Africa_curve_daily_2008.jpg,,
draw3,2009,-10.63,15.13,West1_Africa_curve_daily_2009.jpg,,
draw3,2010,-10.63,15.13,West1_Africa_curve_daily_2010.jpg,,
draw3,2001,38.625,6.875,Mediterranean_Africa_curve_daily_2001.jpg,,
draw3,2002,38.625,6.875,Mediterranean_Africa_curve_daily_2002.jpg,,
draw3,2003,38.625,6.875,Mediterranean_Africa_curve_daily_2003.jpg,,
draw3,2004,38.625,6.875,Mediterranean_Africa_curve_daily_2004.jpg,,
draw3,2005,38.625,6.875,Mediterranean_Africa_curve_daily_2005.jpg,,
draw3,2006,38.625,6.875,Mediterranean_Africa_curve_daily_2006.jpg,,
draw3,2007,38.625,6.875,Mediterranean_Africa_curve_daily_2007.jpg,,
draw3,2008,38.625,6.875,Mediterranean_Africa_curve_daily_2008.jpg,,
draw3,2009,38.625,6.875,Mediterranean_Africa_curve_daily_2009.jpg,,
draw3,2010,38.625,6.875,Mediterranean_Africa_curve_daily_2010.jpg,,
draw4,2001,118.8,32.1,nanjing_curve_monthly_2001.jpg,,
draw4,2002,118.8,32.1,nanjing_curve_monthly_2002.jpg,,
draw4,2003,118.8,32.1,nanjing_curve_monthly_2003.jpg,,
draw4,2004,118.8,32.1,nanjing_curve_monthly_2004.jpg,,
draw4,2005,118.8,32.1,nanjing_curve_monthly_2005.jpg,,
draw4,2006,118.8,32.1,nanjing_curve_monthly_2006.jpg,,
draw4,2007,118.8,32.1,nanjing_curve_monthly_2007.jpg,,
draw4,2008,118.8,32.1,nanjing_curve_monthly_2008.jpg,,
draw4,2009,118.8,32.1,nanjing_curve_monthly_2009.jpg,,
draw4,2010,118.8,32.1,nanjing_curve_monthly_2010.jpg,,
draw4,2001,84.1,32.1,TP_curve_monthly_2001.jpg,,
draw4,2002,84.1,32.1,TP_curve_monthly_2002.jpg,,
draw4,2003,84.1,32.1,TP_curve_monthly_2003.jpg,,
draw4,2004,84.1,32.1,TP_curve_monthly_2004.jpg,,
draw4,2005,84.1,32.1,TP_curve_monthly_2005.jpg,,
draw4,2006,84.1,32.1,TP_curve_monthly_2006.jpg,,
draw4,2007,84.1,32.1,TP_curve_monthly_2007.jpg,,
draw4,2008,84.1,32.1,TP_curve_monthly_2008.jpg,,
draw4,2009,84.1,32.1,TP_curve_monthly_2009.jpg,,
draw4,2010,84.1,32.1,TP_curve_monthly_2010.jpg,,
draw4,2001,116.1,39.5,Beijing_curve_monthly_2001.jpg,,
draw4,2002,116.1,39.5,Beijing_curve_monthly_2002.jpg,,
draw4,2003,116.1,39.5,Beijing_curve_monthly_2003.jpg,,
draw4,2004,116.1,39.5,Beijing_curve_monthly_2004.jpg,,
draw4,2005,116.1,39.5,Beijing_curve_monthly_2005.jpg,,
draw4,2006,116.1,39.5,Beijing_curve_monthly_2006.jpg,,
draw4,2007,116.1,39.5,Beijing_curve_monthly_2007.jpg,,
draw4,2008,116.1,39.5,Beijing_curve_monthly_2008.jpg,,
draw4,2009,116.1,39.5,Beijing_curve_monthly_2009.jpg,,
draw4,2010,116.1,39.5,Beijing_curve_monthly_2010.jpg,,
draw4,2001,21.1,0.3,Africa_Rain_Forest_curve_monthly_2001.jpg,,
draw4,2002,21.1,0.3,Africa_Rain_Forest_curve_monthly_2002.jpg,,
draw4,2003,21.1,0.3,Africa_Rain_Forest_curve_monthly_2003.jpg,,
draw4,2004,21.1,0.3,Africa_Rain_Forest_curve_monthly_2004.jpg,,
draw4,2005,21.1,0.3,Africa_Rain_Forest_curve_monthly_2005.jpg,,
draw4,2006,21.1,0.3,Africa_Rain_Forest_curve_monthly_2006.jpg,,
draw4,2007,21.1,0.3,Africa_Rain_Forest_curve_monthly_2007.jpg,,
draw4,2008,21.1,0.3,Africa_Rain_Forest_curve_monthly_2008.jpg,,
draw4,2009,21.1,0.3,Africa_Rain_Forest_curve_monthly_2009.jpg,,
draw4,2010,21.1,0.3,Africa_Rain_Forest_curve_monthly_2010.jpg,,
draw4,2001,16.1,23.4,Africa_Desert_curve_monthly_2001.jpg,,
draw4,2002,16.1,23.4,Africa_Desert_curve_monthly_2002.jpg,,
draw4,2003,16.1,23.4,Africa_Desert_curve_monthly_2003.jpg,,
draw4,2004,16.1,23.4,Africa_Desert_curve_monthly_2004.jpg,,
draw4,2005,16.1,23.4,Africa_Desert_curve_monthly_2005.jpg,,
draw4,2006,16.1,23.4,Africa_Desert_curve_monthly_2006.jpg,,
draw4,2007,16.1,23.4,Africa_Desert_curve_monthly_2007.jpg,,
draw4,2008,16.1,23.4,Africa_Desert_curve_monthly_2008.jpg,,
draw4,2009,16.1,23.4,Africa_Desert_curve_monthly_2009.jpg,,
draw4,2010,16.1,23.4,Africa_Desert_curve_monthly_2010.jpg,,
draw4,2001,23.1,-23.4,Africa_Open_Shrublands_curve_monthly_2001.jpg,,
draw4,2002,23.1,-23.4,Africa_Open_Shrublands_curve_monthly_2002.jpg,,
draw4,2003,23.1,-23.4,Africa_Open_Shrublands_curve_monthly_2003.jpg,,
draw4,2004,23.1,-23.4,Africa_Open_Shrublands_curve_monthly_2004.jpg,,
draw4,2005,23.1,-23.4,Africa_Open_Shrublands_curve_monthly_2005.jpg,,
draw4,2006,23.1,-23.4,Africa_Open_Shrublands_curve_monthly_2006.jpg,,
draw4,2007,23.1,-23.4,Africa_Open_Shrublands_curve_monthly_2007.jpg,,
draw4,2008,23.1,-23.4,Africa_Open_Shrublands_curve_monthly_2008.jpg,,
draw4,2009,23.1,-23.4,Africa_Open_Shrublands_curve_monthly_2009.jpg,,
draw4,2010,23.1,-23.4,Africa_Open_Shrublands_curve_monthly_2010.jpg,,
draw4,2001,13.3,41.6,Italy_curve_monthly_2001.jpg,,
draw4,2002,13.3,41.6,Italy_curve_monthly_2002.jpg,,
draw4,2003,13.3,41.6,Italy_curve_monthly_2003.jpg,,
draw4,2004,13.3,41.6,Italy_curve_monthly_2004.jpg,,
draw4,2005,13.3,41.6,Italy_curve_monthly_2005.jpg,,
draw4,2006,13.3,41.6,Italy_curve_monthly_2006.jpg,,
draw4,2007,13.3,41.6,Italy_curve_monthly_2007.jpg,,
draw4,2008,13.3,41.6,Italy_curve_monthly_2008.jpg,,
draw4,2009,13.3,41.6,Italy_curve_monthly_2009.jpg,,
draw4,2010,13.3,41.6,Italy_curve_monthly_2010.jpg,,
draw4,2001,9.5,29.5,A_curve_monthly_2001.jpg,,
draw4,2002,9.5,29.5,A_curve_monthly_2002.jpg,,
draw4,2003,9.5,29.5,A_curve_monthly_2003.jpg,,
draw4,2004,9.5,29.5,A_curve_monthly_2004.jpg,,
draw4,2005,9.5,29.5,A_curve_monthly_2005.jpg,,
draw4,2006,9.5,29.5,A_curve_monthly_2006.jpg,,
draw4,2007,9.5,29.5,A_curve_monthly_2007.jpg,,
draw4,2008,9.5,29.5,A_curve_monthly_2008.jpg,,
draw4,2009,9.5,29.5,A_curve_monthly_2009.jpg,,
draw4,2010,9.5,29.5,A_curve_monthly_2010.jpg,,
draw4,2001,3.5,17.5,B_curve_monthly_2001.jpg,,
draw4,2002,3.5,17.5,B_curve_monthly_2002.jpg,,
draw4,2003,3.5,17.5,B_curve_monthly_2003.jpg,,
draw4,2004,3.5,17.5,B_curve_monthly_2004.jpg,,
draw4,2005,3.5,17.5,B_curve_monthly_2005.jpg,,
draw4,2006,3.5,17.5,B_curve_monthly_2006.jpg,,
draw4,2007,3.5,17.5,B_curve_monthly_2007.jpg,,
draw4,2008,3.5,17.5,B_curve_monthly_2008.jpg,,
draw4,2009,3.5,17.5,B_curve_monthly_2009.jpg,,
draw4,2010,3.5,17.5,B_curve_monthly_2010.jpg,,
draw4,2001,43.5,5.8,J_curve_monthly_2001.jpg,,
draw4,2002,43.5,5.8,J_curve_monthly_2002.jpg,,
draw4,2003,43.5,5.8,J_curve_monthly_2003.jpg,,
draw4,2004,43.5,5.8,J_curve_monthly_2004.jpg,,
draw4,2005,43.5,5.8,J_curve_monthly_2005.jpg,,
draw4,2006,43.5,5.8,J_curve_monthly_2006.jpg,,
draw4,2007,43.5,5.8,J_curve_monthly_2007.jpg,,
draw4,2008,43.5,5.8,J_curve_monthly_2008.jpg,,
draw4,2009,43.5,5.8,J_curve_monthly_2009.jpg,,
draw4,2010,43.5,5.8,J_curve_monthly_2010.jpg,,
draw4,2001,3.5,6.5,D_curve_monthly_2001.jpg,,
draw4,2002,3.5,6.5,D_curve_monthly_2002.jpg,,
draw4,2003,3.5,6.5,D_curve_monthly_2003.jpg,,
draw4,2004,3.5,6.5,D_curve_monthly_2004.jpg,,
draw4,2005,3.5,6.5,D_curve_monthly_2005.jpg,,
draw4,2006,3.5,6.5,D_curve_monthly_2006.jpg,,
draw4,2007,3.5,6.5,D_curve_monthly_2007.jpg,,
draw4,2008,3.5,6.5,D_curve_monthly_2008.jpg,,
draw4,2009,3.5,6.5,D_curve_monthly_2009.jpg,,
draw4,2010,3.5,6.5,D_curve_monthly_2010.jpg,,
draw4,2001,20.5,-32.5,G_curve_monthly_2001.jpg,,
draw4,2002,20.5,-32.5,G_curve_monthly_2002.jpg,,
draw4,2003,20.5,-32.5,G_curve_monthly_2003.jpg,,
draw4,2004,20.5,-32.5,G_curve_monthly_2004.jpg,,
draw4,2005,20.5,-32.5,G_curve_monthly_2005.jpg,,
draw4,2006,20.5,-32.5,G_curve_monthly_2006.jpg,,
draw4,2007,20.5,-32.5,G_curve_monthly_2007.jpg,,
draw4,2008,20.5,-32.5,G_curve_monthly_2008.jpg,,
draw4,2009,20.5,-32.5,G_curve_monthly_2009.jpg,,
draw4,2010,20.5,-32.5,G_curve_monthly_2010.jpg,,
draw4,2001,15.6,0,D2_curve_monthly_2001.jpg,,
draw4,2002,15.6,0,D2_curve_monthly_2002.jpg,,
draw4,2003,15.6,0,D2_curve_monthly_2003.jpg,,
draw4,2004,15.6,0,D2_curve_monthly_2004.jpg,,
draw4,2005,15.6,0,D2_curve_monthly_2005.jpg,,
draw4,2006,15.6,0,D2_curve_monthly_2006.jpg,,
draw4,2007,15.6,0,D2_curve_monthly_2007.jpg,,
draw4,2008,15.6,0,D2_curve_monthly_2008.jpg,,
draw4,2009,15.6,0,D2_curve_monthly_2009.jpg,,
draw4,2010,15.6,0,D2_curve_monthly_2010.jpg,,
draw4,2001,97.7,50.7,Russia_curve_monthly_2001.jpg,,
draw4,2002,97.7,50.7,Russia_curve_monthly_2002.jpg,,
draw4,2003,97.7,50.7,Russia_curve_monthly_2003.jpg,,
draw4,2004,97.7,50.7,Russia_curve_monthly_2004.jpg,,
draw4,2005,97.7,50.7,Russia_curve_monthly_2005.jpg,,
draw4,2006,97.7,50.7,Russia_curve_monthly_2006.jpg,,
draw4,2007,97.7,50.7,Russia_curve_monthly_2007.jpg,,
draw4,2008,97.7,50.7,Russia_curve_monthly_2008.jpg,,
draw4,2009,97.7,50.7,Russia_curve_monthly_2009.jpg,,
draw4,2010,97.7,50.7,Russia_curve_monthly_2010.jpg,,
draw4,2001,-0.75,14.75,West_Africa_curve_monthly_2001.jpg,,
draw4,2002,-0.75,14.75,West_Africa_curve_monthly_2002.jpg,,
draw4,2003,-0.75,14.75,West_Africa_curve_monthly_2003.jpg,,
draw4,2004,-0.75,14.75,West_Africa_curve_monthly_2004.jpg,,
draw4,2005,-0.75,14.75,West_Africa_curve_monthly_2005.jpg,,
draw4,2006,-0.75,14.75,West_Africa_curve_monthly_2006.jpg,,
draw4,2007,-0.75,14.75,West_Africa_curve_monthly_2007.jpg,,
draw4,2008,-0.75,14.75,West_Africa_curve_monthly_2008.jpg,,
draw4,2009,-0.75,14.75,West_Africa_curve_monthly_2009.jpg,,
draw4,2010,-0.75,14.75,West_Africa_curve_monthly_2010.jpg,,
draw4,2001,18.25,-20.17,South_Africa_curve_monthly_2001.jpg,,
draw4,2002,18.25,-20.17,South_Africa_curve_monthly_2002.jpg,,
draw4,2003,18.25,-20.17,South_Africa_curve_monthly_2003.jpg,,
draw4,2004,18.25,-20.17,South_Africa_curve_monthly_2004.jpg,,
draw4,2005,18.25,-20.17,South_Africa_curve_monthly_2005.jpg,,
draw4,2006,18.25,-20.17,South_Africa_curve_monthly_2006.jpg,,
draw4,2007,18.25,-20.17,South_Africa_curve_monthly_2007.jpg,,
draw4,2008,18.25,-20.17,South_Africa_curve_monthly_2008.jpg,,
draw4,2009,18.25,-20.17,South_Africa_curve_monthly_2009.jpg,,
draw4,2010,18.25,-20.17,South_Africa_curve_monthly_2010.jpg,,
draw4,2001,24.19,-19.8,South1_Africa_curve_monthly_2001.jpg,,
draw4,2002,24.19,-19.8,South1_Africa_curve_monthly_2002.jpg,,
draw4,2003,24.19,-19.8,South1_Africa_curve_monthly_2003.jpg,,
draw4,2004,24.19,-19.8,South1_Africa_curve_monthly_2004.jpg,,
draw4,2005,24.19,-19.8,South1_Africa_curve_monthly_2005.jpg,,
draw4,2006,24.19,-19.8,South1_Africa_curve_monthly_2006.jpg,,
draw4,2007,24.19,-19.8,South1_Africa_curve_monthly_2007.jpg,,
draw4,2008,24.19,-19.8,South1_Africa_curve_monthly_2008.jpg,,
draw4,2009,24.19,-19.8,South1_Africa_curve_monthly_2009.jpg,,
draw4,2010,24.19,-19.8,South1_Africa_curve_monthly_2010.jpg,,
draw4,2001,-10.63,15.13,West1_Africa_curve_monthly_2001.jpg,,
draw4,2002,-10.63,15.13,West1_Africa_curve_monthly_2002.jpg,,
draw4,2003,-10.63,15.13,West1_Africa_curve_monthly_2003.jpg,,
draw4,2004,-10.63,15.13,West1_Africa_curve_monthly_2004.jpg,,
draw4,2005,-10.63,15.13,West1_Africa_curve_monthly_2005.jpg,,
draw4,2006,-10.63,15.13,West1_Africa_curve_monthly_2006.jpg,,
draw4,2007,-10.63,15.13,West1_Africa_curve_monthly_2007.jpg,,
draw4,2008,-10.63,15.13,West1_Africa_curve_monthly_2008.jpg,,
draw4,2009,-10.63,15.13,West1_Africa_curve_monthly_2009.jpg,,
draw4,2010,-10.63,15.13,West1_Africa_curve_monthly_2010.jpg,,
draw4,2001,38.625,6.875,Mediterranean_Africa_curve_monthly_2001.jpg,,
draw4,2002,38.625,6.875,Mediterranean_Africa_curve_monthly_2002.jpg,,
draw4,2003,38.625,6.875,Mediterranean_Africa_curve_monthly_2003.jpg,,
draw4,2004,38.625,6.875,Mediterranean_Africa_curve_monthly_2004.jpg,,
draw4,2005,38.625,6.875,Mediterranean_Africa_curve_monthly_2005.jpg,,
draw4,2006,38.625,6.875,Mediterranean_Africa_curve_monthly_2006.jpg,,
draw4,2007,38.625,6.875,Mediterranean_Africa_curve_monthly_2007.jpg,,
draw4,2008,38.625,6.875,Mediterranean_Africa_curve_monthly_2008.jpg,,
draw4,2009,38.625,6.875,Mediterranean_Africa_curve_monthly_2009.jpg,,
draw4,2010,38.625,6.875,Mediterranean_Africa_curve_monthly_2010.jpg,,
draw5,2001,118.8,32.1,nanjing_his_daily_2001.jpg,,
draw5,2002,118.8,32.1,nanjing_his_daily_2002.jpg,,
draw5,2003,118.8,32.1,nanjing_his_daily_2003.jpg,,
draw5,2004,118.8,32.1,nanjing_his_daily_2004.jpg,,
draw5,2005,118.8,32.1,nanjing_his_daily_2005.jpg,,
draw5,2006,118.8,32.1,nanjing_his_daily_2006.jpg,,
draw5,2007,118.8,32.1,nanjing_his_daily_2007.jpg,,
draw5,2008,118.8,32.1,nanjing_his_daily_2008.jpg,,
draw5,2009,118.8,32.1,nanjing_his_daily_2009.jpg,,
draw5,2010,118.8,32.1,nanjing_his_daily_2010.jpg,,
draw5,2001,84.1,32.1,TP_his_daily_2001.jpg,,
draw5,2002,84.1,32.1,TP_his_daily_2002.jpg,,
draw5,2003,84.1,32.1,TP_his_daily_2003.jpg,,
draw5,2004,84.1,32.1,TP_his_daily_2004.jpg,,
draw5,2005,84.1,32.1,TP_his_daily_2005.jpg,,
draw5,2006,84.1,32.1,TP_his_daily_2006.jpg,,
draw5,2007,84.1,32.1,TP_his_daily_2007.jpg,,
draw5,2008,84.1,32.1,TP_his_daily_2008.jpg,,
draw5,2009,84.1,32.1,TP_his_daily_2009.jpg,,
draw5,2010,84.1,32.1,TP_his_daily_2010.jpg,,
draw5,2001,116.1,39.5,Beijing_his_daily_2001.jpg,,
draw5,2002,116.1,39.5,Beijing_his_daily_2002.jpg,,
draw5,2003,116.1,39.5,Beijing_his_daily_2003.jpg,,
draw5,2004,116.1,39.5,Beijing_his_daily_2004.jpg,,
draw5,2005,116.1,39.5,Beijing_his_daily_2005.jpg,,
draw5,2006,116.1,39.5,Beijing_his_daily_2006.jpg,,
draw5,2007,116.1,39.5,Beijing_his_daily_2007.jpg,,
draw5,2008,116.1,39.5,Beijing_his_daily_2008.jpg,,
draw5,2009,116.1,39.5,Beijing_his_daily_2009.jpg,,
draw5,2010,116.1,39.5,Beijing_his_daily_2010.jpg,,
draw5,2001,21.1,0.3,Africa_Rain_Forest_his_daily_2001.jpg,,
draw5,2002,21.1,0.3,Africa_Rain_Forest_his_daily_2002.jpg,,
draw5,2003,21.1,0.3,Africa_Rain_Forest_his_daily_2003.jpg,,
draw5,2004,21.1,0.3,Africa_Rain_Forest_his_daily_2004.jpg,,
draw5,2005,21.1,0.3,Africa_Rain_Forest_his_daily_2005.jpg,,
draw5,2006,21.1,0.3,Africa_Rain_Forest_his_daily_2006.jpg,,
draw5,2007,21.1,0.3,Africa_Rain_Forest_his_daily_2007.jpg,,
draw5,2008,21.1,0.3,Africa_Rain_Forest_his_daily_2008.jpg,,
draw5,2009,21.1,0.3,Africa_Rain_Forest_his_daily_2009.jpg,,
draw5,2010,21.1,0.3,Africa_Rain_Forest_his_daily_2010.jpg,,
draw5,2001,16.1,23.4,Africa_Desert_his_daily_2001.jpg,,
draw5,2002,16.1,23.4,Africa_Desert_his_daily_2002.jpg,,
draw5,2003,16.1,23.4,Africa_Desert_his_daily_2003.jpg,,
draw5,2004,16.1,23.4,Africa_Desert_his_daily_2004.jpg,,
draw5,2005,16.1,23.4,Africa_Desert_his_daily_2005.jpg,,
draw5,2006,16.1,23.4,Africa_Desert_his_daily_2006.jpg,,
draw5,2007,16.1,23.4,Africa_Desert_his_daily_2007.jpg,,
draw5,2008,16.1,23.4,Africa_Desert_his_daily_2008.jpg,,
draw5,2009,16.1,23.4,Africa_Desert_his_daily_2009.jpg,,
draw5,2010,16.1,23.4,Africa_Desert_his_daily_2010.jpg,,
draw5,2001,23.1,-23.4,Africa_Open_Shrublands_his_daily_2001.jpg,,
draw5,2002,23.1,-23.4,Africa_Open_Shrublands_his_daily_2002.jpg,,
draw5,2003,23.1,-23.4,Africa_Open_Shrublands_his_daily_2003.jpg,,
draw5,2004,23.1,-23.4,Africa_Open_Shrublands_his_daily_2004.jpg,,
draw5,2005,23.1,-23.4,Africa_Open_Shrublands_his_daily_2005.jpg,,
draw5,2006,23.1,-23.4,Africa_Open_Shrublands_his_daily_2006.jpg,,
draw5,2007,23.1,-23.4,Africa_Open_Shrublands_his_daily_2007.jpg,,
draw5,2008,23.1,-23.4,Africa_Open_Shrublands_his_daily_2008.jpg,,
draw5,2009,23.1,-23.4,Africa_Open_Shrublands_his_daily_2009.jpg,,
draw5,2010,23.1,-23.4,Africa_Open_Shrublands_his_daily_2010.jpg,,
draw5,2001,13.3,41.6,Italy_his_daily_2001.jpg,,
draw5,2002,13.3,41.6,Italy_his_daily_2002.jpg,,
draw5,2003,13.3,41.6,Italy_his_daily_2003.jpg,,
draw5,2004,13.3,41.6,Italy_his_daily_2004.jpg,,
draw5,2005,13.3,41.6,Italy_his_daily_2005.jpg,,
draw5,2006,13.3,41.6,Italy_his_daily_2006.jpg,,
draw5,2007,13.3,41.6,Italy_his_daily_2007.jpg,,
draw5,2008,13.3,41.6,Italy_his_daily_2008.jpg,,
draw5,2009,13.3,41.6,Italy_his_daily_2009.jpg,,
draw5,2010,13.3,41.6,Italy_his_daily_2010.jpg,,
draw5,2001,9.5,29.5,A_his_daily_2001.jpg,,
draw5,2002,9.5,29.5,A_his_daily_2002.jpg,,
draw5,2003,9.5,29.5,A_his_daily_2003.jpg,,
draw5,2004,9.5,29.5,A_his_daily_2004.jpg,,
draw5,2005,9.5,29.5,A_his_daily_2005.jpg,,
draw5,2006,9.5,29.5,A_his_daily_2006.jpg,,
draw5,2007,9.5,29.5,A_his_daily_2007.jpg,,
draw5,2008,9.5,29.5,A_his_daily_2008.jpg,,
draw5,2009,9.5,29.5,A_his_daily_2009.jpg,,
draw5,2010,9.5,29.5,A_his_daily_2010.jpg,,
draw5,2001,3.5,17.5,B_his_daily_2001.jpg,,
draw5,2002,3.5,17.5,B_his_daily_2002.jpg,,
draw5,2003,3.5,17.5,B_his_daily_2003.jpg,,
draw5,2004,3.5,17.5,B_his_daily_2004.jpg,,
draw5,2005,3.5,17.5,B_his_daily_2005.jpg,,
draw5,2006,3.5,17.5,B_his_daily_2006.jpg,,
draw5,2007,3.5,17.5,B_his_daily_2007.jpg,,
draw5,2008,3.5,17.5,B_his_daily_2008.jpg,,
draw5,2009,3.5,17.5,B_his_daily_2009.jpg,,
draw5,2010,3.5,17.5,B_his_daily_2010.jpg,,
draw5,2001,43.5,5.8,J_his_daily_2001.jpg,,
draw5,2002,43.5,5.8,J_his_daily_2002.jpg,,
draw5,2003,43.5,5.8,J_his_daily_2003.jpg,,
draw5,2004,43.5,5.8,J_his_daily_2004.jpg,,
draw5,2005,43.5,5.8,J_his_daily_2005.jpg,,
draw5,2006,43.5,5.8,J_his_daily_2006.jpg,,
draw5,2007,43.5,5.8,J_his_daily_2007.jpg,,
draw5,2008,43.5,5.8,J_his_daily_2008.jpg,,
draw5,2009,43.5,5.8,J_his_daily_2009.jpg,,
draw5,2010,43.5,5.8,J_his_daily_2010.jpg,,
draw5,2001,3.5,6.5,D_his_daily_2001.jpg,,
draw5,2002,3.5,6.5,D_his_daily_2002.jpg,,
draw5,2003,3.5,6.5,D_his_daily_2003.jpg,,
draw5,2004,3.5,6.5,D_his_daily_2004.jpg,,
draw5,2005,3.5,6.5,D_his_daily_2005.jpg,,
draw5,2006,3.5,6.5,D_his_daily_2006.jpg,,
draw5,2007,3.5,6.5,D_his_daily_2007.jpg,,
draw5,2008,3.5,6.5,D_his_daily_2008.jpg,,
draw5,2009,3.5,6.5,D_his_daily_2009.jpg,,
draw5,2010,3.5,6.5,D_his_daily_2010.jpg,,
draw5,2001,20.5,-32.5,G_his_daily_2001.jpg,,
draw5,2002,20.5,-32.5,G_his_daily_2002.jpg,,
draw5,2003,20.5,-32.5,G_his_daily_2003.jpg,,
draw5,2004,20.5,-32.5,G_his_daily_2004.jpg,,
draw5,2005,20.5,-32.5,G_his_daily_2005.jpg,,
draw5,2006,20.5,-32.5,G_his_daily_2006.jpg,,
draw5,2007,20.5,-32.5,G_his_daily_2007.jpg,,
draw5,2008,20.5,-32.5,G_his_daily_2008.jpg,,
draw5,2009,20.5,-32.5,G_his_daily_2009.jpg,,
draw5,2010,20.5,-32.5,G_his_daily_2010.jpg,,
draw5,2001,15.6,0,D2_his_daily_2001.jpg,,
draw5,2002,15.6,0,D2_his_daily_2002.jpg,,
draw5,2003,15.6,0,D2_his_daily_2003.jpg,,
draw5,2004,15.6,0,D2_his_daily_2004.jpg,,
draw5,2005,15.6,0,D2_his_daily_2005.jpg,,
draw5,2006,15.6,0,D2_his_daily_2006.jpg,,
draw5,2007,15.6,0,D2_his_daily_2007.jpg,,
draw5,2008,15.6,0,D2_his_daily_2008.jpg,,
draw5,2009,15.6,0,D2_his_daily_2009.jpg,,
draw5,2010,15.6,0,D2_his_daily_2010.jpg,,
draw5,2001,97.7,50.7,Russia_his_daily_2001.jpg,,
draw5,2002,97.7,50.7,Russia_his_daily_2002.jpg,,
draw5,2003,97.7,50.7,Russia_his_daily_2003.jpg,,
draw5,2004,97.7,50.7,Russia_his_daily_2004.jpg,,
draw5,2005,97.7,50.7,Russia_his_daily_2005.jpg,,
draw5,2006,97.7,50.7,Russia_his_daily_2006.jpg,,
draw5,2007,97.7,50.7,Russia_his_daily_2007.jpg,,
draw5,2008,97.7,50.7,Russia_his_daily_2008.jpg,,
draw5,2009,97.7,50.7,Russia_his_daily_2009.jpg,,
draw5,2010,97.7,50.7,Russia_his_daily_2010.jpg,,
draw5,2001,-0.75,14.75,West_Africa_his_daily_2001.jpg,,
draw5,2002,-0.75,14.75,West_Africa_his_daily_2002.jpg,,
draw5,2003,-0.75,14.75,West_Africa_his_daily_2003.jpg,,
draw5,2004,-0.75,14.75,West_Africa_his_daily_2004.jpg,,
draw5,2005,-0.75,14.75,West_Africa_his_daily_2005.jpg,,
draw5,2006,-0.75,14.75,West_Africa_his_daily_2006.jpg,,
draw5,2007,-0.75,14.75,West_Africa_his_daily_2007.jpg,,
draw5,2008,-0.75,14.75,West_Africa_his_daily_2008.jpg,,
draw5,2009,-0.75,14.75,West_Africa_his_daily_2009.jpg,,
draw5,2010,-0.75,14.75,West_Africa_his_daily_2010.jpg,,
draw5,2001,18.25,-20.17,South_Africa_his_daily_2001.jpg,,
draw5,2002,18.25,-20.17,South_Africa_his_daily_2002.jpg,,
draw5,2003,18.25,-20.17,South_Africa_his_daily_2003.jpg,,
draw5,2004,18.25,-20.17,South_Africa_his_daily_2004.jpg,,
draw5,2005,18.25,-20.17,South_Africa_his_daily_2005.jpg,,
draw5,2006,18.25,-20.17,South_Africa_his_daily_2006.jpg,,
draw5,2007,18.25,-20.17,South_Africa_his_daily_2007.jpg,,
draw5,2008,18.25,-20.17,South_Africa_his_daily_2008.jpg,,
draw5,2009,18.25,-20.17,South_Africa_his_daily_2009.jpg,,
draw5,2010,18.25,-20.17,South_Africa_his_daily_2010.jpg,,
draw5,2001,24.19,-19.8,South1_Africa_his_daily_2001.jpg,,
draw5,2002,24.19,-19.8,South1_Africa_his_daily_2002.jpg,,
draw5,2003,24.19,-19.8,South1_Africa_his_daily_2003.jpg,,
draw5,2004,24.19,-19.8,South1_Africa_his_daily_2004.jpg,,
draw5,2005,24.19,-19.8,South1_Africa_his_daily_2005.jpg,,
draw5,2006,24.19,-19.8,South1_Africa_his_daily_2006.jpg,,
draw5,2007,24.19,-19.8,South1_Africa_his_daily_2007.jpg,,
draw5,2008,24.19,-19.8,South1_Africa_his_daily_2008.jpg,,
draw5,2009,24.19,-19.8,South1_Africa_his_daily_2009.jpg,,
draw5,2010,24.19,-19.8,South1_Africa_his_daily_2010.jpg,,
draw5,2001,-10.63,15.13,West1_Africa_his_daily_2001.jpg,,
draw5,2002,-10.63,15.13,West1_Africa_his_daily_2002.jpg,,
draw5,2003,-10.63,15.13,West1_Africa_his_daily_2003.jpg,,
draw5,2004,-10.63,15.13,West1_Africa_his_daily_2004.jpg,,
draw5,2005,-10.63,15.13,West1_Africa_his_daily_2005.jpg,,
draw5,2006,-10.63,15.13,West1_Africa_his_daily_2006.jpg,,
draw5,2007,-10.63,15.13,West1_Africa_his_daily_2007.jpg,,
draw5,2008,-10.63,15.13,West1_Africa_his_daily_2008.jpg,,
draw5,2009,-10.63,15.13,West1_Africa_his_daily_2009.jpg,,
draw5,2010,-10.63,15.13,West1_Africa_his_daily_2010.jpg,,
draw5,2001,38.625,6.875,Mediterranean_Africa_his_daily_2001.jpg,,
draw5,2002,38.625,6.875,Mediterranean_Africa_his_daily_2002.jpg,,
draw5,2003,38.625,6.875,Mediterranean_Africa_his_daily_2003.jpg,,
draw5,2004,38.625,6.875,Mediterranean_Africa_his_daily_2004.jpg,,
draw5,2005,38.625,6.875,Mediterranean_Africa_his_daily_2005.jpg,,
draw5,2006,38.625,6.875,Mediterranean_Africa_his_daily_2006.jpg,,
draw5,2007,38.625,6.875,Mediterranean_Africa_his_daily_2007.jpg,,
draw5,2008,38.625,6.875,Mediterranean_Africa_his_daily_2008.jpg,,
draw5,2009,38.625,6.875,Mediterranean_Africa_his_daily_2009.jpg,,
draw5,2010,38.625,6.875,Mediterranean_Africa_his_daily_2010.jpg,,
draw6,2001,118.8,32.1,nanjing_his_monthly_2001.jpg,,
draw6,2002,118.8,32.1,nanjing_his_monthly_2002.jpg,,
draw6,2003,118.8,32.1,nanjing_his_monthly_2003.jpg,,
draw6,2004,118.8,32.1,nanjing_his_monthly_2004.jpg,,
draw6,2005,118.8,32.1,nanjing_his_monthly_2005.jpg,,
draw6,2006,118.8,32.1,nanjing_his_monthly_2006.jpg,,
draw6,2007,118.8,32.1,nanjing_his_monthly_2007.jpg,,
draw6,2008,118.8,32.1,nanjing_his_monthly_2008.jpg,,
draw6,2009,118.8,32.1,nanjing_his_monthly_2009.jpg,,
draw6,2010,118.8,32.1,nanjing_his_monthly_2010.jpg,,
draw6,2001,84.1,32.1,TP_his_monthly_2001.jpg,,
draw6,2002,84.1,32.1,TP_his_monthly_2002.jpg,,
draw6,2003,84.1,32.1,TP_his_monthly_2003.jpg,,
draw6,2004,84.1,32.1,TP_his_monthly_2004.jpg,,
draw6,2005,84.1,32.1,TP_his_monthly_2005.jpg,,
draw6,2006,84.1,32.1,TP_his_monthly_2006.jpg,,
draw6,2007,84.1,32.1,TP_his_monthly_2007.jpg,,
draw6,2008,84.1,32.1,TP_his_monthly_2008.jpg,,
draw6,2009,84.1,32.1,TP_his_monthly_2009.jpg,,
draw6,2010,84.1,32.1,TP_his_monthly_2010.jpg,,
draw6,2001,116.1,39.5,Beijing_his_monthly_2001.jpg,,
draw6,2002,116.1,39.5,Beijing_his_monthly_2002.jpg,,
draw6,2003,116.1,39.5,Beijing_his_monthly_2003.jpg,,
draw6,2004,116.1,39.5,Beijing_his_monthly_2004.jpg,,
draw6,2005,116.1,39.5,Beijing_his_monthly_2005.jpg,,
draw6,2006,116.1,39.5,Beijing_his_monthly_2006.jpg,,
draw6,2007,116.1,39.5,Beijing_his_monthly_2007.jpg,,
draw6,2008,116.1,39.5,Beijing_his_monthly_2008.jpg,,
draw6,2009,116.1,39.5,Beijing_his_monthly_2009.jpg,,
draw6,2010,116.1,39.5,Beijing_his_monthly_2010.jpg,,
draw6,2001,21.1,0.3,Africa_Rain_Forest_his_monthly_2001.jpg,,
draw6,2002,21.1,0.3,Africa_Rain_Forest_his_monthly_2002.jpg,,
draw6,2003,21.1,0.3,Africa_Rain_Forest_his_monthly_2003.jpg,,
draw6,2004,21.1,0.3,Africa_Rain_Forest_his_monthly_2004.jpg,,
draw6,2005,21.1,0.3,Africa_Rain_Forest_his_monthly_2005.jpg,,
draw6,2006,21.1,0.3,Africa_Rain_Forest_his_monthly_2006.jpg,,
draw6,2007,21.1,0.3,Africa_Rain_Forest_his_monthly_2007.jpg,,
draw6,2008,21.1,0.3,Africa_Rain_Forest_his_monthly_2008.jpg,,
draw6,2009,21.1,0.3,Africa_Rain_Forest_his_monthly_2009.jpg,,
draw6,2010,21.1,0.3,Africa_Rain_Forest_his_monthly_2010.jpg,,
draw6,2001,16.1,23.4,Africa_Desert_his_monthly_2001.jpg,,
draw6,2002,16.1,23.4,Africa_Desert_his_monthly_2002.jpg,,
draw6,2003,16.1,23.4,Africa_Desert_his_monthly_2003.jpg,,
draw6,2004,16.1,23.4,Africa_Desert_his_monthly_2004.jpg,,
draw6,2005,16.1,23.4,Africa_Desert_his_monthly_2005.jpg,,
draw6,2006,16.1,23.4,Africa_Desert_his_monthly_2006.jpg,,
draw6,2007,16.1,23.4,Africa_Desert_his_monthly_2007.jpg,,
draw6,2008,16.1,23.4,Africa_Desert_his_monthly_2008.jpg,,
draw6,2009,16.1,23.4,Africa_Desert_his_monthly_2009.jpg,,
draw6,2010,16.1,23.4,Africa_Desert_his_monthly_2010.jpg,,
draw6,2001,23.1,-23.4,Africa_Open_Shrublands_his_monthly_2001.jpg,,
draw6,2002,23.1,-23.4,Africa_Open_Shrublands_his_monthly_2002.jpg,,
draw6,2003,23.1,-23.4,Africa_Open_Shrublands_his_monthly_2003.jpg,,
draw6,2004,23.1,-23.4,Africa_Open_Shrublands_his_monthly_2004.jpg,,
draw6,2005,23.1,-23.4,Africa_Open_Shrublands_his_monthly_2005.jpg,,
draw6,2006,23.1,-23.4,Africa_Open_Shrublands_his_monthly_2006.jpg,,
draw6,2007,23.1,-23.4,Africa_Open_Shrublands_his_monthly_2007.jpg,,
draw6,2008,23.1,-23.4,Africa_Open_Shrublands_his_monthly_2008.jpg,,
draw6,2009,23.1,-23.4,Africa_Open_Shrublands_his_monthly_2009.jpg,,
draw6,2010,23.1,-23.4,Africa_Open_Shrublands_his_monthly_2010.jpg,,
draw6,2001,13.3,41.6,Italy_his_monthly_2001.jpg,,
draw6,2002,13.3,41.6,Italy_his_monthly_2002.jpg,,
draw6,2003,13.3,41.6,Italy_his_monthly_2003.jpg,,
draw6,2004,13.3,41.6,Italy_his_monthly_2004.jpg,,
draw6,2005,13.3,41.6,Italy_his_monthly_2005.jpg,,
draw6,2006,13.3,41.6,Italy_his_monthly_2006.jpg,,
draw6,2007,13.3,41.6,Italy_his_monthly_2007.jpg,,
draw6,2008,13.3,41.6,Italy_his_monthly_2008.jpg,,
draw6,2009,13.3,41.6,Italy_his_monthly_2009.jpg,,
draw6,2010,13.3,41.6,Italy_his_monthly_2010.jpg,,
draw6,2001,9.5,29.5,A_his_monthly_2001.jpg,,
draw6,2002,9.5,29.5,A_his_monthly_2002.jpg,,
draw6,2003,9.5,29.5,A_his_monthly_2003.jpg,,
draw6,2004,9.5,29.5,A_his_monthly_2004.jpg,,
draw6,2005,9.5,29.5,A_his_monthly_2005.jpg,,
draw6,2006,9.5,29.5,A_his_monthly_2006.jpg,,
draw6,2007,9.5,29.5,A_his_monthly_2007.jpg,,
draw6,2008,9.5,29.5,A_his_monthly_2008.jpg,,
draw6,2009,9.5,29.5,A_his_monthly_2009.jpg,,
draw6,2010,9.5,29.5,A_his_monthly_2010.jpg,,
draw6,2001,3.5,17.5,B_his_monthly_2001.jpg,,
draw6,2002,3.5,17.5,B_his_monthly_2002.jpg,,
draw6,2003,3.5,17.5,B_his_monthly_2003.jpg,,
draw6,2004,3.5,17.5,B_his_monthly_2004.jpg,,
draw6,2005,3.5,17.5,B_his_monthly_2005.jpg,,
draw6,2006,3.5,17.5,B_his_monthly_2006.jpg,,
draw6,2007,3.5,17.5,B_his_monthly_2007.jpg,,
draw6,2008,3.5,17.5,B_his_monthly_2008.jpg,,
draw6,2009,3.5,17.5,B_his_monthly_2009.jpg,,
draw6,2010,3.5,17.5,B_his_monthly_2010.jpg,,
draw6,2001,43.5,5.8,J_his_monthly_2001.jpg,,
draw6,2002,43.5,5.8,J_his_monthly_2002.jpg,,
draw6,2003,43.5,5.8,J_his_monthly_2003.jpg,,
draw6,2004,43.5,5.8,J_his_monthly_2004.jpg,,
draw6,2005,43.5,5.8,J_his_monthly_2005.jpg,,
draw6,2006,43.5,5.8,J_his_monthly_2006.jpg,,
draw6,2007,43.5,5.8,J_his_monthly_2007.jpg,,
draw6,2008,43.5,5.8,J_his_monthly_2008.jpg,,
draw6,2009,43.5,5.8,J_his_monthly_2009.jpg,,
draw6,2010,43.5,5.8,J_his_monthly_2010.jpg,,
draw6,2001,3.5,6.5,D_his_monthly_2001.jpg,,
draw6,2002,3.5,6.5,D_his_monthly_2002.jpg,,
draw6,2003,3.5,6.5,D_his_monthly_2003.jpg,,
draw6,2004,3.5,6.5,D_his_monthly_2004.jpg,,
draw6,2005,3.5,6.5,D_his_monthly_2005.jpg,,
draw6,2006,3.5,6.5,D_his_monthly_2006.jpg,,
draw6,2007,3.5,6.5,D_his_monthly_2007.jpg,,
draw6,2008,3.5,6.5,D_his_monthly_2008.jpg,,
draw6,2009,3.5,6.5,D_his_monthly_2009.jpg,,
draw6,2010,3.5,6.5,D_his_monthly_2010.jpg,,
draw6,2001,20.5,-32.5,G_his_monthly_2001.jpg,,
draw6,2002,20.5,-32.5,G_his_monthly_2002.jpg,,
draw6,2003,20.5,-32.5,G_his_monthly_2003.jpg,,
draw6,2004,20.5,-32.5,G_his_monthly_2004.jpg,,
draw6,2005,20.5,-32.5,G_his_monthly_2005.jpg,,
draw6,2006,20.5,-32.5,G_his_monthly_2006.jpg,,
draw6,2007,20.5,-32.5,G_his_monthly_2007.jpg,,
draw6,2008,20.5,-32.5,G_his_monthly_2008.jpg,,
draw6,2009,20.5,-32.5,G_his_monthly_2009.jpg,,
draw6,2010,20.5,-32.5,G_his_monthly_2010.jpg,,
draw6,2001,15.6,0,D2_his_monthly_2001.jpg,,
draw6,2002,15.6,0,D2_his_monthly_2002.jpg,,
draw6,2003,15.6,0,D2_his_monthly_2003.jpg,,
draw6,2004,15.6,0,D2_his_monthly_2004.jpg,,
draw6,2005,15.6,0,D2_his_monthly_2005.jpg,,
draw6,2006,15.6,0,D2_his_monthly_2006.jpg,,
draw6,2007,15.6,0,D2_his_monthly_2007.jpg,,
draw6,2008,15.6,0,D2_his_monthly_2008.jpg,,
draw6,2009,15.6,0,D2_his_monthly_2009.jpg,,
draw6,2010,15.6,0,D2_his_monthly_2010.jpg,,
draw6,2001,97.7,50.7,Russia_his_monthly_2001.jpg,,
draw6,2002,97.7,50.7,Russia_his_monthly_2002.jpg,,
draw6,2003,97.7,50.7,Russia_his_monthly_2003.jpg,,
draw6,2004,97.7,50.7,Russia_his_monthly_2004.jpg,,
draw6,2005,97.7,50.7,Russia_his_monthly_2005.jpg,,
draw6,2006,97.7,50.7,Russia_his_monthly_2006.jpg,,
draw6,2007,97.7,50.7,Russia_his_monthly_2007.jpg,,
draw6,2008,97.7,50.7,Russia_his_monthly_2008.jpg,,
draw6,2009,97.7,50.7,Russia_his_monthly_2009.jpg,,
draw6,2010,97.7,50.7,Russia_his_monthly_2010.jpg,,
draw6,2001,-0.75,14.75,West_Africa_his_monthly_2001.jpg,,
draw6,2002,-0.75,14.75,West_Africa_his_monthly_2002.jpg,,
draw6,2003,-0.75,14.75,West_Africa_his_monthly_2003.jpg,,
draw6,2004,-0.75,14.75,West_Africa_his_monthly_2004.jpg,,
draw6,2005,-0.75,14.75,West_Africa_his_monthly_2005.jpg,,
draw6,2006,-0.75,14.75,West_Africa_his_monthly_2006.jpg,,
draw6,2007,-0.75,14.75,West_Africa_his_monthly_2007.jpg,,
draw6,2008,-0.75,14.75,West_Africa_his_monthly_2008.jpg,,
draw6,2009,-0.75,14.75,West_Africa_his_monthly_2009.jpg,,
draw6,2010,-0.75,14.75,West_Africa_his_monthly_2010.jpg,,
draw6,2001,18.25,-20.17,South_Africa_his_monthly_2001.jpg,,
draw6,2002,18.25,-20.17,South_Africa_his_monthly_2002.jpg,,
draw6,2003,18.25,-20.17,South_Africa_his_monthly_2003.jpg,,
draw6,2004,18.25,-20.17,South_Africa_his_monthly_2004.jpg,,
draw6,2005,18.25,-20.17,South_Africa_his_monthly_2005.jpg,,
draw6,2006,18.25,-20.17,South_Africa_his_monthly_2006.jpg,,
draw6,2007,18.25,-20.17,South_Africa_his_monthly_2007.jpg,,
draw6,2008,18.25,-20.17,South_Africa_his_monthly_2008.jpg,,
draw6,2009,18.25,-20.17,South_Africa_his_monthly_2009.jpg,,
draw6,2010,18.25,-20.17,South_Africa_his_monthly_2010.jpg,,
draw6,2001,24.19,-19.8,South1_Africa_his_monthly_2001.jpg,,
draw6,2002,24.19,-19.8,South1_Africa_his_monthly_2002.jpg,,
draw6,2003,24.19,-19.8,South1_Africa_his_monthly_2003.jpg,,
draw6,2004,24.19,-19.8,South1_Africa_his_monthly_2004.jpg,,
draw6,2005,24.19,-19.8,South1_Africa_his_monthly_2005.jpg,,
draw6,2006,24.19,-19.8,South1_Africa_his_monthly_2006.jpg,,
draw6,2007,24.19,-19.8,South1_Africa_his_monthly_2007.jpg,,
draw6,2008,24.19,-19.8,South1_Africa_his_monthly_2008.jpg,,
draw6,2009,24.19,-19.8,South1_Africa_his_monthly_2009.jpg,,
draw6,2010,24.19,-19.8,South1_Africa_his_monthly_2010.jpg,,
draw6,2001,-10.63,15.13,West1_Africa_his_monthly_2001.jpg,,
draw6,2002,-10.63,15.13,West1_Africa_his_monthly_2002.jpg,,
draw6,2003,-10.63,15.13,West1_Africa_his_monthly_2003.jpg,,
draw6,2004,-10.63,15.13,West1_Africa_his_monthly_2004.jpg,,
draw6,2005,-10.63,15.13,West1_Africa_his_monthly_2005.jpg,,
draw6,2006,-10.63,15.13,West1_Africa_his_monthly_2006.jpg,,
draw6,2007,-10.63,15.13,West1_Africa_his_monthly_2007.jpg,,
draw6,2008,-10.63,15.13,West1_Africa_his_monthly_2008.jpg,,
draw6,2009,-10.63,15.13,West1_Africa_his_monthly_2009.jpg,,
draw6,2010,-10.63,15.13,West1_Africa_his_monthly_2010.jpg,,
draw6,2001,38.625,6.875,Mediterranean_Africa_his_monthly_2001.jpg,,
draw6,2002,38.625,6.875,Mediterranean_Africa_his_monthly_2002.jpg,,
draw6,2003,38.625,6.875,Mediterranean_Africa_his_monthly_2003.jpg,,
draw6,2004,38.625,6.875,Mediterranean_Africa_his_monthly_2004.jpg,,
draw6,2005,38.625,6.875,Mediterranean_Africa_his_monthly_2005.jpg,,
draw6,2006,38.625,6.875,Mediterranean_Africa_his_monthly_2006.jpg,,
draw6,2007,38.625,6.875,Mediterranean_Africa_his_monthly_2007.jpg,,
draw6,2008,38.625,6.875,Mediterranean_Africa_his_monthly_2008.jpg,,
draw6,2009,38.625,6.875,Mediterranean_Africa_his_monthly_2009.jpg,,
draw6,2010,38.625,6.875,Mediterranean_Africa_his_monthly_2010.jpg,,
draw8,2001,2010,118.8,32.1,curve_precipitation_2001_2010_daily.jpg,
draw9,2001,2010,118.8,32.1,curve_precipitation_2001_2010_monthly.jpg,
draw10,2001,2010,118.8,32.1,his_precipitation_2001_2010_daily.jpg,
draw11,2001,2010,118.8,32.1,his_precipitation_2001_2010_monthly.jpg,
draw1,array_pci,array_si,pci,si,2001,pci_si_2001.jpg
draw2,1,2001,118.8,32.1,nanjing_gini_2001.jpg,
draw3,2001,118.8,32.1,curve_precipitation_2001_daily.jpg,,
draw4,2001,118.8,32.1,curve_precipitation_2001_monthly.jpg,,
draw5,2001,118.8,32.1,his_precipitation_2001_daily.jpg,,
draw6,2001,118.8,32.1,his_precipitation_2001_monthly.jpg,,
draw7,monthly,2001,2010,precipitation_2001_2010_monthly.gif,,
draw7,daily,2001,2001,precipitation_2001_daily.gif,,
draw8,2001,2010,118.8,32.1,Nanjing_curve_precipitation_2001_2010_daily.jpg,
draw9,2001,2010,118.8,32.1,Nanjing_curve_precipitation_2001_2010_monthly.jpg,
draw10,2001,2010,118.8,32.1,Nanjing_his_precipitation_2001_2010_daily.jpg,
draw11,2001,2010,118.8,32.1,Nanjing_his_precipitation_2001_2010_monthly.jpg,
draw12,1,2001,2010,118.8,32.1,Nanjing_gini_2001_2010.jpg
draw8,2001,2010,84.1,32.1,TP_curve_precipitation_2001_2010_daily.jpg,
draw9,2001,2010,84.1,32.1,TP_curve_precipitation_2001_2010_monthly.jpg,
draw10,2001,2010,84.1,32.1,TP_his_precipitation_2001_2010_daily.jpg,
draw11,2001,2010,84.1,32.1,TP_his_precipitation_2001_2010_monthly.jpg,
draw12,1,2001,2010,84.1,32.1,TP_gini_2001_2010.jpg
draw8,2001,2010,116.1,39.5,Beijing_curve_precipitation_2001_2010_daily.jpg,
draw9,2001,2010,116.1,39.5,Beijing_curve_precipitation_2001_2010_monthly.jpg,
draw10,2001,2010,116.1,39.5,Beijing_his_precipitation_2001_2010_daily.jpg,
draw11,2001,2010,116.1,39.5,Beijing_his_precipitation_2001_2010_monthly.jpg,
draw12,1,2001,2010,116.1,39.5,Beijing_gini_2001_2010.jpg
draw8,2001,2010,21.1,0.3,Africa_Rain_forest_curve_precipitation_2001_2010_daily.jpg,
draw9,2001,2010,21.1,0.3,Africa_Rain_forest_curve_precipitation_2001_2010_monthly.jpg,
draw10,2001,2010,21.1,0.3,Africa_Rain_forest_his_precipitation_2001_2010_daily.jpg,
draw11,2001,2010,21.1,0.3,Africa_Rain_forest_his_precipitation_2001_2010_monthly.jpg,
draw12,1,2001,2010,21.1,0.3,Africa_Rain_forest_gini_2001_2010.jpg
draw8,2001,2010,16.1,23.4,Africa_desert_curve_precipitation_2001_2010_daily.jpg,
draw9,2001,2010,16.1,23.4,Africa_desert_curve_precipitation_2001_2010_monthly.jpg,
draw10,2001,2010,16.1,23.4,Africa_desert_his_precipitation_2001_2010_daily.jpg,
draw11,2001,2010,16.1,23.4,Africa_desert_his_precipitation_2001_2010_monthly.jpg,
draw12,1,2001,2010,16.1,23.4,Africa_desert_gini_2001_2010.jpg
draw8,2001,2010,23.1,-23.4,Africa_Opne_shrublands_curve_precipitation_2001_2010_daily.jpg,
draw9,2001,2010,23.1,-23.4,Africa_Opne_shrublands_curve_precipitation_2001_2010_monthly.jpg,
draw10,2001,2010,23.1,-23.4,Africa_Opne_shrublands_his_precipitation_2001_2010_daily.jpg,
draw11,2001,2010,23.1,-23.4,Africa_Opne_shrublands_his_precipitation_2001_2010_monthly.jpg,
draw12,1,2001,2010,23.1,-23.4,Africa_Opne_shrublands_gini_2001_2010.jpg
draw8,2001,2010,13.3,41.6,Italy_curve_precipitation_2001_2010_daily.jpg,
draw9,2001,2010,13.3,41.6,Italy_curve_precipitation_2001_2010_monthly.jpg,
draw10,2001,2010,13.3,41.6,Italy_his_precipitation_2001_2010_daily.jpg,
draw11,2001,2010,13.3,41.6,Italy_his_precipitation_2001_2010_monthly.jpg,
draw12,1,2001,2010,13.3,41.6,Italy_gini_2001_2010.jpg
draw8,2001,2010,9.5,29.5,A_curve_precipitation_2001_2010_daily.jpg,
draw9,2001,2010,9.5,29.5,A_curve_precipitation_2001_2010_monthly.jpg,
draw10,2001,2010,9.5,29.5,A_his_precipitation_2001_2010_daily.jpg,
draw11,2001,2010,9.5,29.5,A_his_precipitation_2001_2010_monthly.jpg,
draw12,1,2001,2010,9.5,29.5,A_gini_2001_2010.jpg
draw8,2001,2010,3.5,17.5,B_curve_precipitation_2001_2010_daily.jpg,
draw9,2001,2010,3.5,17.5,B_curve_precipitation_2001_2010_monthly.jpg,
draw10,2001,2010,3.5,17.5,B_his_precipitation_2001_2010_daily.jpg,
draw11,2001,2010,3.5,17.5,B_his_precipitation_2001_2010_monthly.jpg,
draw12,1,2001,2010,3.5,17.5,B_gini_2001_2010.jpg
draw8,2001,2010,43.5,5.8,J_curve_precipitation_2001_2010_daily.jpg,
draw9,2001,2010,43.5,5.8,J_curve_precipitation_2001_2010_monthly.jpg,
draw10,2001,2010,43.5,5.8,J_his_precipitation_2001_2010_daily.jpg,
draw11,2001,2010,43.5,5.8,J_his_precipitation_2001_2010_monthly.jpg,
draw12,1,2001,2010,43.5,5.8,J_gini_2001_2010.jpg
draw8,2001,2010,3.5,6.5,D_curve_precipitation_2001_2010_daily.jpg,
draw9,2001,2010,3.5,6.5,D_curve_precipitation_2001_2010_monthly.jpg,
draw10,2001,2010,3.5,6.5,D_his_precipitation_2001_2010_daily.jpg,
draw11,2001,2010,3.5,6.5,D_his_precipitation_2001_2010_monthly.jpg,
draw12,1,2001,2010,3.5,6.5,D_gini_2001_2010.jpg
draw8,2001,2010,20.5,-32.5,G_curve_precipitation_2001_2010_daily.jpg,
draw9,2001,2010,20.5,-32.5,G_curve_precipitation_2001_2010_monthly.jpg,
draw10,2001,2010,20.5,-32.5,G_his_precipitation_2001_2010_daily.jpg,
draw11,2001,2010,20.5,-32.5,G_his_precipitation_2001_2010_monthly.jpg,
draw12,1,2001,2010,20.5,-32.5,G_gini_2001_2010.jpg
draw8,2001,2010,15.6,0,D2_curve_precipitation_2001_2010_daily.jpg,
draw9,2001,2010,15.6,0,D2_curve_precipitation_2001_2010_monthly.jpg,
draw10,2001,2010,15.6,0,D2_his_precipitation_2001_2010_daily.jpg,
draw11,2001,2010,15.6,0,D2_his_precipitation_2001_2010_monthly.jpg,
draw12,1,2001,2010,15.6,0,D2_gini_2001_2010.jpg
draw8,2001,2010,97.7,50.7,Russia_curve_precipitation_2001_2010_daily.jpg,
draw9,2001,2010,97.7,50.7,Russia_curve_precipitation_2001_2010_monthly.jpg,
draw10,2001,2010,97.7,50.7,Russia_his_precipitation_2001_2010_daily.jpg,
draw11,2001,2010,97.7,50.7,Russia_his_precipitation_2001_2010_monthly.jpg,
draw12,1,2001,2010,97.7,50.7,Russia_gini_2001_2010.jpg
draw8,2001,2010,-0.75,14.75,West_Africa1_curve_precipitation_2001_2010_daily.jpg,
draw9,2001,2010,-0.75,14.75,West_Africa1_curve_precipitation_2001_2010_monthly.jpg,
draw10,2001,2010,-0.75,14.75,West_Africa1_his_precipitation_2001_2010_daily.jpg,
draw11,2001,2010,-0.75,14.75,West_Africa1_his_precipitation_2001_2010_monthly.jpg,
draw12,1,2001,2010,-0.75,14.75,West_Africa1_gini_2001_2010.jpg
draw8,2001,2010,18.25,-20.17,South_Africa1_curve_precipitation_2001_2010_daily.jpg,
draw9,2001,2010,18.25,-20.17,South_Africa1_curve_precipitation_2001_2010_monthly.jpg,
draw10,2001,2010,18.25,-20.17,South_Africa1_his_precipitation_2001_2010_daily.jpg,
draw11,2001,2010,18.25,-20.17,South_Africa1_his_precipitation_2001_2010_monthly.jpg,
draw12,1,2001,2010,18.25,-20.17,South_Africa1_gini_2001_2010.jpg
draw8,2001,2010,-10.63,15.13,West_Africa2_curve_precipitation_2001_2010_daily.jpg,
draw9,2001,2010,-10.63,15.13,West_Africa2_curve_precipitation_2001_2010_monthly.jpg,
draw10,2001,2010,-10.63,15.13,West_Africa2_his_precipitation_2001_2010_daily.jpg,
draw11,2001,2010,-10.63,15.13,West_Africa2_his_precipitation_2001_2010_monthly.jpg,
draw12,1,2001,2010,-10.63,15.13,West_Africa2_gini_2001_2010.jpg
draw8,2001,2010,24.19,-19.8,South_Africa2_curve_precipitation_2001_2010_daily.jpg,
draw9,2001,2010,24.19,-19.8,South_Africa2_curve_precipitation_2001_2010_monthly.jpg,
draw10,2001,2010,24.19,-19.8,South_Africa2_his_precipitation_2001_2010_daily.jpg,
draw11,2001,2010,24.19,-19.8,South_Africa2_his_precipitation_2001_2010_monthly.jpg,
draw12,1,2001,2010,24.19,-19.8,South_Africa2_gini_2001_2010.jpg
draw8,2001,2010,38.625,6.875,Mediterranean_curve_precipitation_2001_2010_daily.jpg,
draw9,2001,2010,38.625,6.875,Mediterranean_curve_precipitation_2001_2010_monthly.jpg,
draw10,2001,2010,38.625,6.875,Mediterranean_his_precipitation_2001_2010_daily.jpg,
draw11,2001,2010,38.625,6.875,Mediterranean_his_precipitation_2001_2010_monthly.jpg,
draw12,1,2001,2010,38.625,6.875,Mediterranean_gini_2001_2010.jpg
